Customer Code,Station Code,Name of Station,Name of Licensee Group,Net Total PR Allocation
CPLAN0000,IRYORK,Radio Yorkshire,Plantagenent Media Services,£252.03
CYORK0003,IRYCST,Yorkshire Coast Radio,UKRD Group,"£17,624.31"
CGOLD0026,IRXTRB,FREE RADIO 80'S BIRMINGHAM,Bauer,"£2,875.20"
CXFMM0000,IRXFMM,Radio X Manchester (formerly 97.7 Xfm Manchester),Global Radio,"£30,813.57"
CXFMA0000,IRXFML,Radio X (formerly Xfm London),Global Radio,"£234,743.86"
CWYVE0000,IRWYVN,FREE RADIO HEREFORD AND WORCESTER,Bauer,"£30,186.63"
CWEST0002,IRWSND,West FM,Bauer,"£53,647.07"
CWEST0009,IRWSAM,West Sound AM,Bauer,"£7,160.64"
CWOLF0000,IRWOLF,Signal 107,Wireless Group,"£15,854.09"
CWISH0000,IRWISH,Wish FM,Wireless Group,"£16,503.67"
CWIRE0000,IRWIRE,Wire FM,Wireless Group,"£8,184.02"
CGWRF0001,IRWILT,Heart Swindon 96.3(formerly GWR FM 96.3-Swindon),Global Radio,"£72,277.21"
CGOLD0009,IRWGMS,Smooth Peterborough (formerly Gold 1332 - Peterborough),Global Radio,"£5,027.88"
CGWRF0002,IRWEST,Heart Bristol 97.2 &102.2 (formerly GWR FM 97.2-102.2-Bristol),Global Radio,"£89,154.59"
CWESS0000,IRWESS,Wessex FM,UKRD Group,"£15,184.42"
CSUNF0000,IRWEAR,Sun FM,UKRD Group,"£16,895.12"
CWAVE0004,IRWAVS,Waves Radio,Waves Radio Ltd,"£2,209.09"
CWAVE0000,IRWAVE,Radiowave 96.5 FM Blackpool,Wireless Group,"£21,843.14"
CVIRG0010,IRVXTR,Absolute Radio 80's,Absolute,"£148,442.51"
CREAL0005,IRVRTY,Heart Yorkshire (previously Real Yorkshire),(Communicorp) - Real Radio Yorkshire Ltd,"£134,867.69"
CBIGE0000,IRVMAG,Viking 2 (prev Magic 1161),Bauer,"£4,576.40"
CVIKI0000,IRVKNG,Viking FM,Bauer,"£58,884.03"
CVIKI0001,IRVKN3,Viking 3,Bauer,£504.05
CVIRG0008,IRVIRG,Absoulte 105.8,Bauer,"£217,917.83"
CCELA0000,IRVICT,The Breeze - Portsmouth,Celador,"£11,608.21"
CKISS0005,IRVIBE,Kiss 105-108,Bauer,"£37,010.45"
CVIRG0013,IRVGIN,Virgin Radio UK ,Wireless Group,"£58,619.72"
CVIRG0007,IRVCLA,Absolute Classic Rock,Bauer,"£28,901.62"
CUNIO0002,IRUJCK,Union Jack,(Passion Radio) Jack Media Surrey Ltd,"£4,037.71"
CU1050000,IRU105,U105,U105 Ltd,"£61,959.20"
C2CRA0000,IRTWOC,Heart Dorset 102.3 (formerly 2CR FM),Global Radio,"£42,514.22"
CTOWN0001,IRTWN2,Town 102,Celador,"£7,614.22"
CTOUC0009,IRTWAR,Touch FM Warwick,(Quidem) Touch Warwick Ltd,"£1,684.51"
CTOUC0000,IRTUCH,Banbury Sound,(Quidem) Banbury Broadcasting Co Ltd,"£2,223.57"
CTREN0000,IRTRNT,Trent FM,Global Radio,"£78,831.32"
CTRAX0002,IRTRAX,Trax FM Bassetlaw,Lincs FM Group Limited,"£2,640.97"
CTRAN0004,IRTRAN,Trans World Radio,Trans World Radio,"£1,889.80"
CTOWE0001,IRTOWR,Tower FM,Wireless Group,"£7,854.72"
CSMOO0012,IRTOUC,Smooth Cardiff GMAM (formerly Gold 1305 & 1359 - Cardiff),Global Radio,"£11,708.36"
CTALK0008,IRTLKY,talkRADIO,Wireless Group,"£9,258.40"
CTALK0006,IRTLK2,talkSPORT 2,Wireless Group,"£9,123.12"
CKMFM0004,IRTHNT,KMFM THANET,KM MEDIA GROUP LIMITED,"£3,618.31"
CJACK0000,IRTHAM,Radio Jackie,Radio Jackie Ltd,"£7,845.99"
CTFM30000,IRTFM3,TFM 3,Bauer,£504.05
CTFMR0000,IRTEES,TFM FM,Bauer,"£39,660.32"
CRADI0143,IRTAYM,Radio Tay 2 AM,Bauer,"£5,633.12"
CTAY30000,IRTAY3,Tay 3,Bauer,£504.05
CTAYF0000,IRTAY,Radio Tay 1 FM,Bauer,"£55,775.40"
CSOUT0016,IRSWST,South West Sound,Bauer,"£1,586.65"
CWAVE0003,IRSWAV,Swansea FM (prev The Wave),Wireless Group,"£24,342.05"
CSWAN0002,IRSWAN,Swansea Sound (AM),Wireless Group,"£16,435.38"
CGOLD0016,IRSVSG,Smooth Gloucester (formerly Gold 774 - Gloucester),Global Radio,"£1,007.84"
CSEVE0001,IRSVEN,Q 107 FM,Northern Media,"£3,301.76"
CJUIC0001,IRSURF,Juice FM ,Global Radio,"£6,672.17"
CLYCA0002,IRSUNR,Lyca Radio 1458,Lyca Media II,"£11,143.19"
CSTRA0000,IRSTRY,97.2 Stray FM,UKRD Group,"£27,805.16"
CSPLA0000,IRSPLA,More Radio Worthing (prev Splash FM),(Media Sound Holdings) Splash FM,"£5,637.24"
CSPIR0002,IRSPIT,Spirit FM,UKRD Group,"£10,592.04"
CSPIR0001,IRSPIR,Spire FM,UKRD Group,"£10,155.17"
CSPEC0000,IRSPEC,Spectrum Radio,Spectrum Radio Ltd,"£3,338.71"
CSOVE0000,IRSOVE,More Radio Eastbourne (prev Sovereign Radio),(Media Sound Holdings) Sovereign FM,"£4,453.58"
CGOLD0008,IRSOUT,Smooth Sussex (Gold 1323 & 945 - Sussex),Global Radio,"£4,536.54"
CSOLA0001,IRSORD,Solar Radio,Solar Radio,£504.05
CWAVE0002,IRSOLN,Wave 105,Bauer,"£155,260.68"
CSOUT0011,IRSNEB,Heart Sussex 102.4 & 103.5 (formerly Southern FM),Global Radio,"£116,388.49"
CROCK0007,IRSMOR,Real XS Manchester,(Communicorp) - Real Radio Scotland Ltd,"£9,968.31"
CSMOO0009,IRSMOO,Smooth North East,(Communicorp) - Smooth Radio North East Ltd,"£108,376.65"
CKISS0007,IRSMHD,Kiss Fresh,Bauer,"£10,540.01"
CSMOO0013,IRSMEX,Smooth Extra,Global Radio,"£16,505.71"
CSILK0000,IRSILK,Silk 106,Silk Fm,"£7,288.67"
CSIGN0003,IRSIGN,Signal 1 (FM),Wireless Group,"£66,689.65"
CSIBC0000,IRSHET,SIBC,Shetland Islands Broadcasting Company Ltd,"£1,154.51"
CSIGN0001,IRSGLD,Signal 2 (AM),Wireless Group,"£44,770.87"
CSEVE0003,IRSEVN,Heart Gloucester 102.4 (formerly Severn Sound FM),Global Radio,"£49,855.08"
CSOUT0017,IRSEND,Radio Essex South (prev Southend Radio),(Southend & Chelmsford Radio Ltd),"£4,855.46"
CREAL0003,IRSCOT,Heart Scotland,Global Radio,"£112,658.62"
CGOLD0003,IRSCOA,Smooth Hants (formerly Gold 1170 & 1157 Hants),Global Radio,"£4,623.97"
CSWAN0001,IRSBRC,Swansea Bay Radio (prev Nation Hits!),(Nation Broadcasting) Swansea Bay Radio Ltd,"£4,835.62"
CSMOO0006,IRSAGS,Smooth Radio Scotland,Global Radio,"£67,970.43"
CSMOO0008,IRSAGN,Smooth East Midlands,(Communicorp) - Smooth Radio Midlands Ltd,"£79,365.09"
CSMOO0011,IRSAGA,Smooth Radio West Midlands,Global Radio,"£84,798.72"
CSABR0003,IRSABR,Sabras Sound,Sabras Sound Ltd,"£4,725.48"
CRUTL0000,IRRUTL,Rutland Radio,Lincs FM Group Limited,"£2,634.72"
CRUGB0000,IRRUGB,Rugby FM,(Quidem) Rugby Broadcasting Co Ltd,"£2,879.36"
CROTH0001,IRROTH,Rother FM,Lincs FM Group Limited,"£2,809.47"
CROCK0000,IRROSE,Rock FM,Bauer,"£60,279.74"
CRIDI0000,IRRIDI,Ridings FM,Lincs FM Group Limited,"£3,495.99"
CRADI0124,IRRESS,Radio Essex,(Southend & Chelmsford Radio Ltd),£649.13
CMAGI0008,IRREDG,Rock FM 2 (prev Magin 999),Bauer,"£1,939.17"
CREDD0000,IRREDD,Capital South Wales (formerly Red Dragon FM) ,(Communicorp) - Cardiff Broadcasting Company Ltd,"£63,073.02"
CREAL0004,IRREAL,Heart South Wales (formerly Real South Wales) ,Global Radio,"£141,570.06"
CREAD0002,IRREAD,The Breeze - Reading,Celador,"£6,647.71"
CRADI0131,IRRCT3,Radio City 3,Bauer,£729.59
CROCK0013,IRRCK3,Rock FM 3,Bauer,£549.17
CRAMF0000,IRRAMM,Ram FM,Global Radio,"£34,826.09"
CHEAR0002,IRR106,Gem 106,Bauer,"£135,778.13"
CTHEB0006,IRQUAY,The Breeze - Bridgewater and W.Som,Celador,"£3,143.27"
CKISS0008,IRQDIG,Kisstory,Bauer,"£70,934.81"
CQ1AA0000,IRQ105,Q100.5 FM,Northern Media,"£6,900.24"
CQ1010000,IRQ101,Q101.2 FM,Northern Media,"£6,365.04"
CPREM0003,IRPRGO,Premier Gospel Radio,Premier Christian Radio,"£1,139.84"
CPREM0001,IRPREM,Premier Christian Radio,Premier Christian Radio,"£56,511.05"
CPREM0004,IRPRAI,Premier Praise,Premier Christian Radio,"£1,192.89"
CPOWE0002,IRPOWR,Capital FM Fareham (formerly Galaxy South Coast (formerly Capital South Coast 103.2)),Global Radio,"£55,026.96"
CPIRA0004,IRPOLD,My Music Radio ,UKRD Group,£535.40
CPLYM0000,IRPLYM,Heart Plymouth 97.0 & 96.6 (formerly Plymouth Sound),Global Radio,"£33,153.74"
CRADI0014,IRPLMT,Radio Plymouth,Radio Plymouth Ltd,"£6,325.71"
CPLAN0002,IRPLDG,Planet Rock ,Bauer,"£105,846.72"
CGOLD0001,IRPLAM,Smooth Plymouth (formerly Gold 1152 - Plymouth),Global Radio,"£1,537.25"
CMANC0010,IRPICC,Key 2 (prev Manchester's Magic 1152),Bauer,"£3,925.41"
CPULS0000,IRPENN,Pulse 1 (FM),Wireless Group,"£23,145.88"
CRADI0110,IRPEMB,Radio Pembrokeshire (prev Haven FM),(Nation Broadcasting) Haven FM (Pembrokeshire) Ltd,"£16,563.81"
CPEAK0001,IRPEAK,Peak 107 FM,Wireless Group,"£22,501.69"
CPIRA0002,IRPART,Pirate FM,UKRD Group,"£54,199.89"
CPALM0001,IRPALM,The Breeze South Devon (prev Palm FM 105.5),Celador,"£6,756.21"
COXFO0002,IROXGN,Jack FM2 (formerly Glide FM),Passion Radio,"£4,212.45"
CSGRF0001,IRORWL,Heart Ipswich 96.4 (Bury) (formerly SGR-FM),Global Radio,"£40,426.13"
CORIG0002,IRORIS,Sam FM South (prev Jack FM Solent),Celador,"£9,344.69"
CORIG0001,IRORIB,Sam FM Bristol (prev Jack Bristol),Celador,"£6,473.22"
CORCH0001,IRORCH,Heart Somerset 102.6 (formerly Orchard FM),Global Radio,"£51,767.56"
CORIG0003,IRORAB,Original Aberdeen FM,(New Wave Media) - Original Aberdeen FM Ltd,"£17,165.77"
CREVO0000,IROHAM,Oldham FM,Oldham FM,"£5,040.53"
COCEA0000,IROCSN,Heart Hampshire 97.5 & 96.7 (formerly Ocean FM),Global Radio,"£58,679.69"
CHERT0002,IROASI,Heart 96.6 FM (Watford),(Communicorp) (Adventure Radio) SAWBC Ltd,"£8,664.11"
CLBCN0000,IRNWFM,LBC News 1152 am,Global Radio,"£22,164.78"
CLBCT0000,IRNTLK,LBC Talk 97.3 FM,Global Radio,"£32,158.23"
CNORT0020,IRNSND,Northsound 1 FM,Bauer,"£57,016.38"
CFIRE0000,IRNRG,Fire FM,Celador,"£4,908.70"
CNORW0000,IRNRCH,Radio Norwich 99.9,Celador,"£7,746.74"
CNORT0021,IRNOR2,Northsound 2 AM,Bauer,"£3,476.68"
CNORT0004,IRNONR,North Norfolk Radio,Celador,"£2,448.78"
CNORT0013,IRNOFM,Heart Northamptonshire 96.6 (formerly Northants 96),Global Radio,"£59,151.84"
CGOLD0014,IRNOAM,Smooth Northampton (formerly Classic Gold 1557 - Northants),Global Radio,"£1,101.39"
CKMFM0005,IRNKFM,KMFM WEST KENT,KM MEDIA GROUP LIMITED,"£4,403.10"
CKMFM0002,IRNEPT,KMFM FOLKESTONE,KM MEDIA GROUP LIMITED,"£3,696.15"
CNECR0000,IRNECR,NECR,NECR,"£1,528.97"
CNATI0000,IRNATR,Nation Radio,(Nation Broadcasting) Nation Radio Ltd,"£22,390.23"
CMETR0003,IRMTRO,Metro FM,Bauer,"£114,642.27"
CMETR0004,IRMTR3,Metro Radio 3,Bauer,£662.56
CGOLD0028,IRMSND,Smooth Cheshire (formerly Gold 1260 (Marcher) - Cheshire),Global Radio,"£5,223.80"
CMORA0001,IRMRYA,Moray Firth AM,Bauer,"£15,314.27"
CMERC0003,IRMRCY,Mercury 102.7 FM (Crawley),Global Radio,"£27,142.26"
CMORA0002,IRMORY,Moray Firth FM,Bauer,"£22,800.68"
CMIX90000,IRMIX,Mix 96,UKRD Group,"£9,406.25"
CMINS0000,IRMINS,Minster FM,UKRD Group,"£19,157.30"
CSIXF0000,IRMID,Q 106 FM,Northern Media,"£3,524.28"
CMELL0001,IRMGME,Mellow Magic,Bauer,"£19,243.72"
CEAGL0000,IRMGFD,Eagle Radio,UKRD Group,"£24,013.60"
CMAGI0012,IRMGCH,Magic Chilled ,Bauer,"£6,150.48"
CMFR30000,IRMFR3,MFR 3,Bauer,£504.05
CMFM90000,IRMFMM,Heart Wrexham 103.4 (formerly MFM 103.4),Global Radio,"£14,794.87"
CMERC0002,IRMERC,FREE RADIO COVENTRY & WARWICKSHIRE,Bauer,"£33,168.77"
CGOLD0010,IRMERA,FREE RADIO 80'S COVENTRY,Bauer,"£2,018.22"
CMAGI0003,IRMELY,Magic 105.4,Bauer,"£275,752.76"
CDREA0001,IRMELL,Dream 100,Celador,"£6,282.60"
CKMFM0003,IRMEDW,KMFM MEDWAY,KM MEDIA GROUP LIMITED,"£5,300.81"
CMARC0002,IRMCCT,Heart Wales Coast 96.3 (formerly Marcher Coast 96.3),Global Radio,"£9,578.39"
CFORT0002,IRMAX,Radio Forth 2,Bauer,"£5,439.09"
CMANX0000,IRMANX,Manx FM,Manx,"£16,636.98"
CMANS0001,IRMANS,Mansfield 103.2 FM,Mansfield and Ashfield Broadcasting Ltd,"£8,680.09"
CQ1020000,IRMAID,Q102.9 FM,Northern Media,"£5,637.03"
CMAGI0002,IRMAGD,Magic Digital,Bauer,"£176,103.68"
CMAGI0007,IRMAGC,Radio Aire 2 (prev Magic 828),Bauer,"£7,187.59"
CLINC0002,IRLINC,Lincs FM,Lincs FM Group Limited,"£73,890.85"
CLITE0001,IRLIFM,Connect FM 106.8 (Peterborough),(Communicorp) (Adventure Radio) Connect Radio Ltd,"£2,135.14"
CLEIC0002,IRLEIC,Leicester Sound,Global Radio,"£48,107.21"
CLANT0000,IRLANT,Heart North Devon 96.2 & 97.3 (formerly Lantern FM),Global Radio,"£16,088.55"
CLAKE0001,IRLAKE,Lakeland Radio  ,Global Radio,"£7,131.25"
CSTAR0002,IRKUTE,The Breeze - Bristol,Celador,"£4,691.62"
CGALA0003,IRKSSS,Capital Manchester (formerly Galaxy 102),Global Radio,"£111,962.41"
CPLAN0001,IRKRNG,West Midlands Radio (prev Planet Rock Analogue),Bauer,"£38,806.86"
CKMDA0000,IRKMDG,KMFM DIGITAL,KM MEDIA GROUP LIMITED,"£1,978.65"
CKMFM0000,IRKMAS,KMFM ASHFORD,KM MEDIA GROUP LIMITED,"£4,086.65"
CKLFM0000,IRKLFM,KLFM,UKRD Group,"£15,889.40"
CKISS0003,IRKISS,Kiss 100 FM,Bauer,"£222,071.17"
CKISS0002,IRKISD,Kiss Digital,Bauer,"£145,863.11"
CKING0003,IRKING,Kingdom FM,Kingdom FM,"£15,159.44"
CGALA0005,IRKIFM,Capital Yorkshire (formerly Galaxy 105 - Yorkshire),Global Radio,"£222,682.61"
CKICK0001,IRKICK,The Breeze - Newbury,Celador,"£2,070.60"
CIMAG0005,IRKFM,Imagine FM,Imagine FM Ltd,"£1,653.79"
CKEY30000,IRKEY3,Key 3,Bauer,"£1,123.17"
CKEY10000,IRKEY,Key 103 FM,Bauer,"£101,024.22"
CKEST0000,IRKEST,The Breeze - Basingstoke,Celador,"£3,936.51"
CKERR0001,IRKERD,Kerrang Digital,Bauer,"£26,623.62"
CKCFM0000,IRKCFM,KCFM,Lincs FM Group Limited,"£10,062.80"
CJAZZ0003,IRJZFM,Jazz FM,Jazz FM Investments Ltd,"£24,321.27"
CSMOO0004,IRJFM,Smooth North West,(Communicorp) - Smooth Radio North West Ltd,"£177,777.40"
CSMOO0005,IRJAZZ,Smooth Radio London,Global Radio,"£183,690.90"
CJACK0003,IRJACK,Jack FM Oxford,Passion Radio,"£18,929.03"
CINVI0000,IRIVIC,Heart Kent 103.1 & 102.8 (formerly Invicta FM),Global Radio,"£134,642.87"
CIVEL0000,IRIVEL,The Breeze - Yeovil and Shaftsbury,Celador,"£10,943.13"
CISLE0002,IRISLS,Isles FM,Isles FM,£592.82
CISLE0001,IRISLE,Isle of Wight Radio,(Media Sound Holdings) Isle of Wight Radio,"£6,344.52"
CISLA0000,IRISLD,Island FM,Tindle Group,"£23,439.21"
CHEAR0004,IRHRTD,Heart - Digital,Global Radio,"£90,802.94"
CHEAR0008,IRHRT8,Heart 80s ,Global Radio,"£5,197.76"
CFM100001,IRHORZ,Heart Milton Keynes 103.3 (formerly 103 Horizon),Global Radio,"£31,864.12"
CMAGI0009,IRHLMG,Hallam 2 (prev Magic AM (South Yorkshire)),Bauer,"£5,338.07"
CHALL0003,IRHLM3,Hallam 3,Bauer,£504.05
CHALL0001,IRHLLM,Hallam FM,Bauer,"£97,120.58"
CHITS0001,IRHITD,The Hits,Bauer,"£19,463.38"
CHIGH0001,IRHIPK,High Peak Radio,High Peak Radio,"£3,396.86"
CHEAR0003,IRHFML,Heart 106.2 FM - London,Global Radio,"£520,666.28"
CHERT0001,IRHERT,Bob FM (prev Radio Hertford),Shadow Holdings Ltd,"£7,159.48"
CHERE0000,IRHERE,Heart Peterborough 102.7 (formerly 102.7 Hereward FM),Global Radio,"£44,715.15"
CREAL0009,IRHENW,Heart North Wales (previously Real North Wales) ,(Communicorp) - Real North Wales Ltd,"£37,323.26"
CHEAR0001,IRHEFM,Heart 100.7 FM - West Midlands Birmingham,Global Radio,"£210,705.33"
CHEAR0007,IRHEEX,Heart Extra,Global Radio,£504.05
CHEAT0000,IRHEAT,Heat,Bauer,"£41,878.05"
CTOUC0002,IRHARM,Touch FM Coventry,(Quidem) Touch Broadcasting Ltd,"£2,037.78"
CSOUT0003,IRHAMS,Heart South Devon 100-102 (formerly South Hams),Global Radio,"£3,128.51"
CGALA0006,IRGXNE,Capital FM North East (formlerly Galaxy 105-106 Newcastle (previously Captial105 - 106 - Newcastle)),Global Radio,"£102,348.69"
CLOND0003,IRGREE,London Greek Radio ,London Greek Radio,"£2,121.71"
CGOLD0013,IRGOLD,Gold 1548 - London,Global Radio,"£42,783.16"
CMAGI0005,IRGNRT,TFM 2 (prev Magic 1170),Bauer,"£3,795.39"
CMAGI0004,IRGNRM,Metro Radio 2 (prev Magic 1152),Bauer,"£5,576.28"
CGALA0002,IRGLXD,Capital - Digital ,Global Radio,"£73,324.98"
CGOLD0023,IRGEMT,Gold Gem (Trent) - Nottingham,Global Radio,"£3,133.57"
CGOLD0022,IRGEML,Gold Gem (Derby),Global Radio,£653.82
CGEMI0000,IRGEMI,Heart Exeter97.0 & 103.0 (formerly Gemini FM),Global Radio,"£59,994.25"
CGOLD0015,IRGEMA,Smooth Exeter (formerly Gold Exeter),Global Radio,"£2,351.01"
CKISS0004,IRGALX,Kiss 101,Bauer,"£34,667.02"
CFUNR0000,IRFUN,FUN KIDS,CHILDREN'S RADIO UK LTD,"£4,087.63"
CFORT0001,IRFRTH,Radio Forth 1,Bauer,"£144,039.87"
CFORT0003,IRFRT3,Forth 3,Bauer,£504.05
CFOXF0000,IRFOXX,Heart Oxford 102.6 & 97.4 (formerly Fox FM),Global Radio,"£59,124.00"
CGOLD0012,IRFORT,Gold 1458 (Manchester),Global Radio,"£2,458.94"
CFIXR0000,IRFIX,Fix Radio,Fix Radio Ltd,"£7,159.48"
CEXET0001,IREXFM,Radio Exe Ltd,Radio Exe Ltd,"£7,261.83"
CESSE0002,IRESSX,Heart Essex 96.3 & 102.6 (formerly Essex FM),Global Radio,"£142,473.68"
CENCO0000 ,IRENCO,Encore Radio ,UKRD Group,"£1,279.33"
CWAVE0006,IRDVRY,Wave 102 FM,D.C. Thomson & Company Limited,"£4,475.84"
CGOLD0029,IRDUNS,Smooth Dunstable (formerly Gold 828 - Dunstable),Global Radio,"£2,861.20"
CDOWN0003,IRDOWN,Downtown AM,Bauer,"£93,279.57"
CDOWN0005,IRDOTO,Downtown Country,Bauer,"£4,558.36"
CTRAX0001,IRDONC,Trax FM Doncaster,Lincs FM Group Limited,"£6,399.32"
CBREE0002,IRDELT,The Breeze - East Hants & S.W.Sur,Celador,"£2,372.87"
CDEE10001,IRDEED,Dee on DAB,Dee FM,"£2,171.91"
CDEE10000,IRDEE,Dee 106,Dee FM,"£6,620.04"
CDEAR0001,IRDEAR,Dearne FM,Lincs FM Group Limited,"£5,307.14"
CLYCA0001,IRCTRY,Lyca Dilse 1035 AM,Lyca Media II,"£8,402.66"
CCTR10000,IRCTR,KMFM MAIDSTONE,KM MEDIA GROUP LIMITED,"£4,672.78"
CKMFM0001,IRCTFM,KMFM CANTERBURY,KM MEDIA GROUP LIMITED,"£3,323.25"
CCOUN0005,IRCSND,Eagle 3 (prev Eagle Extra (Country Sound)),UKRD Group,"£9,375.04"
CJUIC0002,IRCRAS,Capital Liverpool (prev Juice FM 107.6),Global Radio,"£57,415.34"
CCAPI0001,IRCPTL,Capital 95.8 - London,Global Radio,"£416,469.57"
CCOOL0002,IRCOOL,Downtown Cool FM,Bauer,"£99,356.79"
CCONN0002,IRCONN,Connect FM 107.4 & 97.2 (Northants),(Communicorp) (Adventure Radio) Connect Radio Ltd,"£5,230.74"
CCOMP0001,IRCOMP,Compass FM,Lincs FM Group Limited,"£5,007.57"
CSGRC0000,IRCOLC,Heart Colchester 96.1 (formerly SGR Colchester),Global Radio,"£17,483.25"
CGOLD0004,IRCOAS,Smooth Kent (formerly Gold 1243 & 603 - Kent),Global Radio,"£5,563.73"
CCENT0013,IRCNTY,Heart North East (formerly Real North East),Global Radio,"£81,332.91"
CTOUC0003,IRCNTR,Touch FM Tamworth (prev Staffordshire),(Quidem) Centre Broadcasting Ltd,"£4,159.00"
CQ1030000,IRCNFM,Heart Cambridge 103 (formerly Q103 FM),Global Radio,"£38,599.18"
CCLYD0002,IRCLY2,Radio Clyde 2,Bauer,"£10,023.76"
CCLYD0001,IRCLY1,Radio Clyde 1,Bauer,"£228,151.89"
CBUZZ0001,IRCLUB,Sunrise Radio,Sunrise Radio (London) Limited,"£47,241.68"
CCLYD0003,IRCLD3,Clyde 3 ,Bauer,"£1,160.89"
CRADI0034,IRCITY,City FM Radio City 96.7,Bauer,"£131,209.32"
CMAGI0006,IRCITT,Magic 1548 (City 2) ,Bauer,"£16,142.73"
CCITY0003,IRCITA,City Talk 105.9,Bauer,"£2,859.43"
CGALA0004,IRCHOO,Capital Birmingham (formerly Galaxy 102.2 FM),Global Radio,"£93,371.30"
CCHOI0003,IRCHOI,Capital Xtra (formerly Choice FM 96.9),Global Radio,"£126,539.07"
CCHAN0003,IRCHNL,Channel 103,Tindle Group,"£20,926.16"
CCHIL0004,IRCHLS,Heart Dunstable 97.6 (formerly 97.6 Chiltern FM-Dunstable),Global Radio,"£50,486.15"
CCHIL0000,IRCHLN,Heart Bedford 96.9 (formerly Chiltern FM-Bedford),Global Radio,"£25,973.21"
CCHIL0002,IRCHIL,Chill ,Global Radio,£504.05
CDREA0002,IRCHEL,Radio Essex Central (prev Chelmsford Radio),(Southend & Chelmsford Radio Ltd),"£2,788.22"
CCHAM0002,IRCHAM,Heart Cymru 103 - (formerly Champion 103 FM),Global Radio,"£9,829.61"
CPLUS0000,IRCGWY,Pulse 2 (AM),Wireless Group,"£15,637.93"
CCFMA0000,IRCFWC,CFM (West Cumbria),Bauer,"£2,271.40"
CCFMA0001,IRCFM,CFM,Bauer,"£43,498.54"
CRADI0099,IRCERE,Radio Ceredigion,(Nation Broadcasting) Radio Ceredigion Ltd,"£2,687.44"
CCENT0004,IRCENT,Central FM,Central FM ,"£8,025.43"
CQ9720000,IRCAUS,Q97 FM,Northern Media,"£4,889.13"
CYOUR0007,IRCAST,Your Radio FM,Your Radio Ltd ,"£2,015.61"
CRADI0029,IRCARM,Radio Carmarthenshire,(Nation Broadcasting) Radio Carmarthenshire Ltd,"£8,454.67"
CSTAR0005,IRCAMB,Cambridge Radio (Star 107),Cambridge Radio Limited,"£2,708.10"
CCENT0014,IRC105,Heart North West (previously Real North West),Global Radio,"£170,925.44"
CBUZZ0000,IRBUZZ,Heart Wirrel 97.1 FM (formerly Buzz 97.1 FM),Global Radio,"£5,259.90"
C2BRA0000,IRBURN,Two Boroughs Radio (2BR),UKRD Group,"£21,529.74"
CGOLD0019,IRBRUW,Smooth Bristol (formerly Gold 936/1161 - Bristol),Global Radio,"£4,909.45"
CGOLD0006,IRBRUE,Smooth Swindon (formerly Gold 1260 - Swindon),Global Radio,"£1,997.19"
CLOCH0001,IRBROM,Lochbroom FM,Lochbroom FM Ltd,£504.05
CMORE0003,IRBRNL,Sam FM Swindon (prev Jack Swindon),Celador,"£1,859.23"
CBRMB0000,IRBRMB,FREE RADIO BIRMINGHAM,Bauer,"£101,736.01"
CBRIG0001,IRBRIT,More Radio Mid Sussex (prev Bright FM),(Media Sound Holdings) Bright FM,"£3,609.37"
CGOLD0021,IRBREZ,Smooth Chelmsford (formerly Gold Breeze 1359/1431 - Essex),Global Radio,"£4,211.31"
CBROA0003,IRBRDS,Heart Norfolk 102.4 (formerly Broadland 102),Global Radio,"£50,427.11"
CRADI0017,IRBRDR,Radio Borders,Bauer,"£22,461.69"
CBRID0000,IRBRDG,Bridge FM,(Nation Broadcasting) Bridge FM Radio Ltd,"£10,356.35"
CSUNR0001,IRBRAD,Sunrise FM,Bradford City Radio,"£2,080.85"
CCITY0001,IRBELF,Q Radio Belfast (prev. Citybeat),Northern Media,"£40,221.56"
CXFMS0000,IRBEAT,Capital Scotland 105-106,(Communicorp) - Galaxy Radio Scotland Ltd,"£114,715.55"
CTOUC0001,IRBEAR,Touch FM Stratford,(Quidem) Touch Broadcasting Ltd,"£6,752.29"
CBEAC0000,IRBEAH,The Beach,Celador,"£6,745.80"
CBEAC0001,IRBCSH,FREE RADIO FM SHROPSHIRE,Bauer,"£13,256.41"
CBEAC0002,IRBCON,FREE RADIO WOLVERHAMPTON,Bauer,"£40,006.70"
CGOLD0024,IRBCAS,FREE RADIO AM 80'S SHROPSHIRE,Bauer,£493.38
CGOLD0025,IRBCAM,FREE RADIO 80'S WOLVERHAMPTON,Bauer,"£1,417.89"
CBAYA0000,IRBAY,Bay Radio,Global Radio,"£30,174.73"
CBREE0000,IRBATH,The Breeze - Bath,Celador,"£1,969.50"
CCELA0001,IRB107,The Breeze - Weston (prev  North Somerset),Celador,"£2,602.07"
CATLA0002,IRATLA,Heart Cornwall,Global Radio,"£33,802.25"
CARRO0003,IRARWD,The Arrow,Global Radio,"£4,518.87"
CARRO0001,IRAROW,More Radio Hastings (prev Arrow FM),(Media Sound Holdings) Arrow FM,"£2,982.08"
CARGY0001,IRARGY,Argyll FM,Argyll FM Ltd,£504.05
CANDO0000,IRANDO,The Breeze -Andover,Celador,"£2,363.95"
CGOLD0027,IRAMBN,Smooth Norwich (formerly  Gold 1152 - Norwich),Global Radio,"£3,918.25"
CGOLD0002,IRAMBE,Smooth Ipswich Suffolk (formerly Gold 1170 - Ipswich Suffolk),Global Radio,"£1,924.25"
CRADI0083,IRALMA,Radio Al Mahabbah,HCJB-UK Ltd,£778.59
CAIRE0000,IRAIRE,Radio Aire,Bauer,"£26,410.39"
CAIRE0002,IRAIR3,Aire 3 ,Bauer,£504.05
CLYCA0000,IRACTV,Time 107.5 FM ,Lyca Media II,"£3,175.84"
CABSO0000,IRAB90,Absolute Radio 90's,Absolute,"£11,698.12"
CABSO0003,IRAB70,Absolute Radio 70's,Absolute,"£3,176.23"
CABSO0002,IRAB60,Absolute Radio 60's,Absolute,"£10,678.88"
CABSO0001,IRAB00,Absolute Radio 00's,Absolute,"£5,345.65"
CALPH0000,IRA1FM,Star NE (Darlington),Alpha Radio Ltd., £-   
CSTAR0003,IR603,The Breeze - Cheltenham,Celador,"£2,801.96"
CTHEB0009,IR3TR,The Breeze - Frome and W.Wilts,Celador,"£2,576.39"
C3FMA0000,IR3FM,3FM,3FM,"£7,015.13"
C2TEN0000,IR2TEN,Heart Berkshire 102.9 & 97.0 (formerly 2-Ten FM),Global Radio,"£89,876.50"
CGOLD0018,IR2CRG,Smooth Bournemouth (formerly Gold 828 - Bournemouth),Global Radio,"£2,379.82"
CGOLD0011,IR210G,Smooth Reading (formerly Gold 1431/1485 - Reading),Global Radio,"£2,338.91"
CTEN10000,IR TEN,Heart Harlow (formerly Ten 17 101.7 FM),Global Radio,"£13,265.02"
CVIRG0001,INVIRG,Absolute Radio 1215,Absolute,"£620,788.60"
CTALK0005,INTALK,Talksport,Wireless Group,"£40,994.32"
CCLAS0002,INCLAS,Classic FM,Global Radio,"£245,818.62"
,,,,
,,,,
,,,,
,,,,
,,,,
,,,,
,,,,
,,,,
,,,,
,,,,
,,,,
,,,,
,,,,
,,,,
,,,,
,,,,
,,,,
,,,,
,,,,
,,,,
,,,,
,,,,
,,,,
,,,,
,,,,
,,,,
,,,,
,,,,
,,,,
,,,,
,,,,
,,,,
,,,,
,,,,
,,,,
,,,,
,,,,
,,,,
,,,,
,,,,
,,,,
,,,,
,,,,
,,,,
,,,,
,,,,
,,,,
,,,,
,,,,
,,,,
,,,,
,,,,
,,,,
,,,,
